{
  "Eduardo-Klausing": {
    "commits": 4,
    "complexity_sum": 0,
    "flake8_messages": 8,
    "maintainability": 1.0,
    "quality": 0.1111111111111111,
    "final_score": 0.6444444444444444
  },
  "Fadoul-Conecta": {
    "commits": 3,
    "complexity_sum": 0,
    "flake8_messages": 6,
    "maintainability": 1.0,
    "quality": 0.14285714285714285,
    "final_score": 0.6571428571428571
  },
  "FlvBiel": {
    "commits": 1,
    "complexity_sum": 21,
    "flake8_messages": 2,
    "maintainability": 0.045454545454545456,
    "quality": 0.3333333333333333,
    "final_score": 0.1606060606060606
  },
  "Eduardo Klausing": {
    "commits": 1,
    "complexity_sum": 46,
    "flake8_messages": 2,
    "maintainability": 0.02127659574468085,
    "quality": 0.3333333333333333,
    "final_score": 0.14609929078014183
  },
  "Eduardo": {
    "commits": 5,
    "complexity_sum": 16,
    "flake8_messages": 6,
    "maintainability": 0.23809523809523808,
    "quality": 0.14285714285714285,
    "final_score": 0.19999999999999998
  },
  "Gabriel Arcanjo Campelo Fadoul": {
    "commits": 4,
    "complexity_sum": 0,
    "flake8_messages": 8,
    "maintainability": 1.0,
    "quality": 0.1111111111111111,
    "final_score": 0.6444444444444444
  }
}