{
  "Chetan Kaushik": {
    "commits": 9,
    "complexity_sum": 31,
    "flake8_messages": 10,
    "maintainability": 0.22499999999999998,
    "quality": 0.09090909090909091,
    "final_score": 0.17136363636363636
  },
  "Anup Kumar Panwar": {
    "commits": 2,
    "complexity_sum": 0,
    "flake8_messages": 4,
    "maintainability": 1.0,
    "quality": 0.2,
    "final_score": 0.6799999999999999
  },
  "Harshil Darji": {
    "commits": 5,
    "complexity_sum": 21,
    "flake8_messages": 10,
    "maintainability": 0.1923076923076923,
    "quality": 0.09090909090909091,
    "final_score": 0.15174825174825174
  },
  "vincenzobaz": {
    "commits": 1,
    "complexity_sum": 5,
    "flake8_messages": 2,
    "maintainability": 0.16666666666666666,
    "quality": 0.3333333333333333,
    "final_score": 0.23333333333333334
  },
  "Sergey Tsaplin": {
    "commits": 3,
    "complexity_sum": 9,
    "flake8_messages": 4,
    "maintainability": 0.25,
    "quality": 0.2,
    "final_score": 0.23
  }
}